Transformation,Generation,Composition,Total
0.8542,0.7652,0.8182,2.4375999999999998
5.0962,1.2604,0.6134,6.969999999999999
