Transformation,Generation,Composition,Total
3639.303899,10783.7659,101.2474,14524.317199000001
