Transformation,Generation,Composition,Total
9.2896,4.0073,1.4479,14.744800000000001
11.9619,4.7449,2.3318,19.038600000000002
