Transformation,Generation,Composition,Total
19.9236,9.1576,2.573,31.654200000000003
15.2429,4.8329,2.3807,22.456500000000002
78.332999,71.2484,5.9535,155.534899
