Transformation,Generation,Composition,Total
11.1383,2.846199,2.119401,16.1039
9.4343,1.9724,2.2796,13.686300000000001
6.1968,1.8971,2.1425,10.2364
6.4946,2.341701,2.114201,10.950502
