Transformation,Generation,Composition,Total
9.1813,1.5895,1.9362,12.706999999999999
8.2216,3.2672,1.7852,13.274000000000001
