Transformation,Generation,Composition,Total
5.7176,2.275,1.6452,9.637799999999999
6.0972,3.4328,2.0072,11.537199999999999
5.4751,1.7395,1.7649,8.979500000000002
