Transformation,Generation,Composition,Total
6.2613,2.450701,2.0592,10.771201000000001
6.8915,2.0824,2.0296,11.0035
13.9707,11.1525,1.8477,26.9709
9.2982,1.6064,1.597801,12.502401
