Transformation,Generation,Composition,Total
15.231801,12.3021,1.895,29.428901
7.249701,1.6633,1.7523,10.665301
