Transformation,Generation,Composition,Total
14.0196,8.834599,1.9348,24.788999
6.1715,2.2729,1.5446,9.989
10.620301,3.1314,2.455799,16.2075
