Transformation,Generation,Composition,Total
41.7538,28.3825,3.0425,73.17880000000001
14.8136,3.1574,2.461,20.432
13.7284,1.1351,1.4848,16.348300000000002
