Transformation,Generation,Composition,Total
5.2676,6.4102,1.1513,12.8291
5.2028,1.5224,0.5756,7.3008
5.8565,6.365701,1.135299,13.357499999999998
5.246799,1.4297,0.5876,7.264099
