Transformation,Generation,Composition,Total
28.2596,26.4661,3.6525,58.37820000000001
21.5695,7.1887,1.7997,30.557900000000004
20.2093,7.2183,2.1902,29.6178
