Transformation,Generation,Composition,Total
15.4724,3.9968,2.0465,21.515700000000002
25.8516,25.518,2.9369,54.30650000000001
21.2317,3.8199,2.669,27.7206
