Transformation,Generation,Composition,Total
12.7624,2.222,2.2144,17.1988
10.9867,2.5522,2.019,15.557900000000002
11.3476,2.1026,1.9263,15.376499999999998
