Transformation,Generation,Composition,Total
13.2572,10.7489,2.726201,26.732301
10.1826,3.0546,2.3056,15.542800000000002
