Transformation,Generation,Composition,Total
2.7277,2.2783,0.4038,5.409800000000001
2.669,2.4673,0.5123,5.6486
2.352801,1.9975,0.3998,4.750101
