Transformation,Generation,Composition,Total
3.209299,6.5004,0.6697,10.379399000000001
2.1533,0.8876,0.3333,3.3742
4.3192,9.8626,0.7478,14.9296
2.0634,1.531,0.4575,4.0519
