Transformation,Generation,Composition,Total
6821.928901,47264.8285,22.701001,54109.458402000004
