Transformation,Generation,Composition,Total
72.7281,56.7716,3.9251,133.42479999999998
19.0492,6.7668,3.1265,28.9425
19.043,1.8756,1.732,22.650599999999997
