Transformation,Generation,Composition,Total
7.2096,1.8173,1.7586,10.785499999999999
6.3971,2.5104,1.5425,10.450000000000001
7.7071,2.4217,1.5885,11.7173
