Transformation,Generation,Composition,Total
8.6864,2.495,1.6217,12.8031
5.938299,1.6319,1.623499,9.193698
13.6732,13.5794,1.9714,29.224
