Transformation,Generation,Composition,Total
6.763,1.8769,1.5048,10.1447
5.4284,2.103501,1.450401,8.982301999999999
8.1863,1.6643,1.4418,11.2924
