Transformation,Generation,Composition,Total
1.8327,1.5749,0.4294,3.8369999999999997
3.2854,3.6781,0.396,7.3595
2.0967,1.476401,0.4264,3.999501
4.448101,3.596901,0.376001,8.421003
