Transformation,Generation,Composition,Total
19.2984,5.8108,2.5103,27.619500000000002
20.3581,6.1851,2.1025,28.645699999999998
15.5831,2.0597,1.2039,18.846700000000002
