Transformation,Generation,Composition,Total
3.5368,3.3915,0.5238,7.4521
2.2395,4.2503,0.3777,6.867500000000001
3.6684,3.8069,0.5885,8.0638
0.506199,1.5878,0.281901,2.3759
