Transformation,Generation,Composition,Total
19.417,23.6568,3.1389,46.212700000000005
20.4307,21.1488,3.27,44.849500000000006
