Transformation,Generation,Composition,Total
10.6644,3.2276,1.9387,15.8307
7.9944,2.2235,1.8912,12.1091
17.493501,10.449,2.8649,30.807401
8.5909,1.288701,1.4521,11.331700999999999
