Transformation,Generation,Composition,Total
17.8672,7.2037,2.9963,28.067200000000003
19.4375,6.6776,2.0612,28.176299999999998
15.8008,3.3738,2.5524,21.727
