Transformation,Generation,Composition,Total
101.0957,70.2422,5.3422,176.68009999999998
16.9056,6.8152,2.0895,25.8103
34.2645,10.4849,2.6156,47.364999999999995
