Transformation,Generation,Composition,Total
5.3966,1.9855,1.5273,8.9094
5.2315,1.8412,1.6466,8.719299999999999
5.2372,1.9897,1.5129,8.739799999999999
