Transformation,Generation,Composition,Total
1.6242,1.4562,0.2953,3.3757
1.6326,2.3683,0.6253,4.6262
1.601301,1.260899,0.2972,3.1594
1.7875,2.5566,0.369501,4.713601
