Transformation,Generation,Composition,Total
15.705099,13.1606,1.943901,30.8096
7.0021,1.7981,1.449301,10.249501
8.1314,1.3548,1.4977,10.9839
