Transformation,Generation,Composition,Total
11.0259,3.223401,1.8183,16.067601
13.2592,8.1653,2.519699,23.944199
