Transformation,Generation,Composition,Total
8.8798,1.8474,2.295701,13.022901000000001
6.826399,2.2672,1.9623,11.055899
