Transformation,Generation,Composition,Total
36.3954,44.9665,2.3583,83.7202
11.9425,4.0598,1.5406,17.542900000000003
35.128801,41.202499,2.610499,78.941799
11.6754,5.2914,1.066801,18.033601
