Transformation,Generation,Composition,Total
4.6949,9.252,0.6967,14.6436
2.3324,1.6578,0.7857,4.7759
4.1851,11.296001,1.1467,16.627801
2.2087,1.578599,0.4154,4.202699
