Transformation,Generation,Composition,Total
1.1118,1.1142,0.246,2.472
1.6858,1.32,0.2581,3.2638999999999996
2.2485,1.291,0.3907,3.9301999999999997
2.587499,1.213,0.249301,4.0498
