Transformation,Generation,Composition,Total
11.4397,12.192599,2.069699,25.701998
6.908901,0.951199,1.4062,9.2663
