Transformation,Generation,Composition,Total
0.293499,3.8501,4.4467,8.590299
0.329299,4.945299,5.592001,10.866599
0.7649,2.914699,3.6251,7.304699
