Transformation,Generation,Composition,Total
16.4007,5.9417,3.8083,26.1507
6.7244,7.2614,4.287799,18.273599
5.980399,10.052899,3.4906,19.523898000000003
5.587401,6.340599,4.146801,16.074801
