Transformation,Generation,Composition,Total
0.7228,1.565099,0.647499,2.935398
1.374,1.6057,0.3775,3.3572
