Transformation,Generation,Composition,Total
1.1963,0.786799,0.636201,2.6193
1.6581,0.5031,0.3803,2.5415
