Transformation,Generation,Composition,Total
1.125899,2.3352,0.7808,4.241899
1.992,2.1024,0.5841,4.6785000000000005
