Transformation,Generation,Composition,Total
13.6094,18.8878,1.374101,33.871301
11.9122,11.4727,1.1894,24.5743
