Transformation,Generation,Composition,Total
0.0381,0.948301,0.4021,1.388501
0.0451,0.9069,0.2978,1.2498
