Transformation,Generation,Composition,Total
0.0226,0.6043,0.2811,0.9079999999999999
0.0234,0.5019,0.3081,0.8333999999999999
