Transformation,Generation,Composition,Total
0.033101,0.7672,0.4597,1.260001
0.0377,0.7031,0.3414,1.0821999999999998
