Transformation,Generation,Composition,Total
0.6234,0.8225,0.7303,2.1761999999999997
1.143,0.9876,1.1408,3.2714000000000003
