Transformation,Generation,Composition,Total
0.0347,0.907001,0.338899,1.2806
0.008001,0.3782,0.1674,0.553601
0.022,0.3982,0.2073,0.6275000000000001
0.0481,0.8014,0.3263,1.1758
