Transformation,Generation,Composition,Total
0.0259,0.8159,0.460199,1.301999
0.0447,0.712,0.3391,1.0957999999999999
