Transformation,Generation,Composition,Total
0.7336,0.9785,0.694601,2.406701
1.3861,0.8364,0.4668,2.6893000000000002
