Transformation,Generation,Composition,Total
5.1711,7.0262,0.956399,13.153699
17.6714,13.7686,1.6036,33.0436
