Transformation,Generation,Composition,Total
0.946899,3.0262,1.0627,5.035799
1.4234,2.7254,0.8763,5.025099999999999
