Transformation,Generation,Composition,Total
2.439801,1.4392,0.9187,4.797701
3.2505,1.2593,0.6455,5.1553
