Transformation,Generation,Composition,Total
1.101499,2.093601,0.5203,3.7154
2.7972,3.2552,0.5484,6.6008000000000004
