Transformation,Generation,Composition,Total
5.7991,8.166201,2.256001,16.221302
12.6738,10.0569,1.832,24.5627
