Transformation,Generation,Composition,Total
1.6263,3.4462,0.615999,5.688499
2.835,3.3503,0.8722,7.0575
