Transformation,Generation,Composition,Total
0.7458,0.6707,0.6394,2.0559000000000003
0.619,0.7715,0.44,1.8304999999999998
