Transformation,Generation,Composition,Total
0.024701,0.4348,0.2706,0.7301010000000001
0.0462,0.4572,0.2974,0.8008
