Transformation,Generation,Composition,Total
0.0224,0.431399,0.253999,0.7077979999999999
0.0451,0.573,0.2218,0.8399
