Transformation,Generation,Composition,Total
0.021801,0.694001,0.294801,1.010603
0.0373,0.8329,0.353,1.2231999999999998
