Transformation,Generation,Composition,Total
2.0158,1.337,0.625999,3.9787990000000004
3.6434,1.5823,0.6353,5.861
