Transformation,Generation,Composition,Total
5.475401,6.3021,1.298999,13.076500000000001
12.7493,8.9571,1.56,23.2664
