Transformation,Generation,Composition,Total
1.5871,2.601999,0.647601,4.8367
2.5105,4.867,0.8208,8.1983
