Transformation,Generation,Composition,Total
0.047801,0.909101,0.344,1.300902
0.0635,0.9442,0.313,1.3207
