Transformation,Generation,Composition,Total
0.024299,0.9484,0.3209,1.293599
0.0467,1.0074,0.2903,1.3444
