Transformation,Generation,Composition,Total
0.025701,1.1507,0.429501,1.605902
0.0418,0.9598,0.3041,1.3057
