Transformation,Generation,Composition,Total
0.0271,0.797199,0.5067,1.330999
0.0453,0.993,0.5465,1.5848
