Transformation,Generation,Composition,Total
0.4621,1.0653,0.6747,2.2020999999999997
1.3342,1.1443,0.4004,2.8789000000000002
