Transformation,Generation,Composition,Total
0.031501,0.470299,0.357,0.8588
0.0473,0.8463,0.3832,1.2768000000000002
