Transformation,Generation,Composition,Total
5.8021,12.256401,1.6137,19.672201
9.2989,8.505,1.3666,19.170499999999997
