Transformation,Generation,Composition,Total
3.2422,2.659799,0.587801,6.4898
5.4062,1.2777,0.3294,7.0133
