Transformation,Generation,Composition,Total
0.8561,2.607801,0.717199,4.1811
2.4593,3.5272,0.9206,6.9071
