Transformation,Generation,Composition,Total
1.5396,3.274101,0.6655,5.479201
2.1976,3.0697,0.6713,5.938600000000001
