Transformation,Generation,Composition,Total
1.5185,1.2423,0.9276,3.6883999999999997
1.2123,1.8682,1.1556,4.2360999999999995
1.7533,1.4832,0.7997,4.0362
