Transformation,Generation,Composition,Total
0.953001,3.742799,0.820901,5.516701
2.4669,2.9765,1.0287,6.4721
