Transformation,Generation,Composition,Total
1.7978,0.891001,0.7301,3.418901
1.4779,1.0524,0.3477,2.878
