Transformation,Generation,Composition,Total
0.025199,0.902,0.350399,1.277598
0.1258,0.8804,0.3488,1.355
