Transformation,Generation,Composition,Total
0.035301,0.521801,0.261499,0.8186009999999999
0.0286,0.3864,0.4605,0.8755000000000001
