Transformation,Generation,Composition,Total
8.311099,11.098499,1.588399,20.997997
22.1016,11.7943,2.0245,35.9204
