Transformation,Generation,Composition,Total
2.3138,1.8911,1.040299,5.245199
6.0204,2.3021,0.5081,8.8306
