Transformation,Generation,Composition,Total
0.027701,0.8588,0.4098,1.296301
0.0279,0.5882,0.3136,0.9297
