Transformation,Generation,Composition,Total
0.0298,0.637001,0.389401,1.056202
0.0488,0.6368,0.3487,1.0343
