Transformation,Generation,Composition,Total
0.8478,4.034401,1.0781,5.960301
1.5962,2.6756,0.7137,4.985500000000001
