Transformation,Generation,Composition,Total
0.036001,0.5497,0.433499,1.0191999999999999
0.0272,0.4775,0.2934,0.7980999999999999
