Transformation,Generation,Composition,Total
3.913199,6.631,1.5437,12.087899
11.7132,10.2983,1.5719,23.583399999999997
