Transformation,Generation,Composition,Total
0.904199,1.4482,0.4798,2.832199
1.2161,1.2492,0.4026,2.8679
