Transformation,Generation,Composition,Total
0.6446,1.4616,0.588801,2.695001
1.5375,1.5888,0.9123,4.0386
