Transformation,Generation,Composition,Total
0.9251,2.1611,1.165001,4.251201
1.8828,2.3264,0.6111,4.8203
