Transformation,Generation,Composition,Total
0.48,1.0031,0.646399,2.129499
1.149,0.9961,0.4589,2.604
