Transformation,Generation,Composition,Total
3.774201,3.584701,2.2207,9.579602000000001
7.3512,4.0953,1.3651,12.8116
